time,altitude,latitude,longitude,chlor_a,nov-jan,,latitude,longitude,chlor_a,,,,latitude,longitude,chlor_a,,tot,latitude,longitude,chlor_a
UTC,m,degrees_north,degrees_east,mg m^-3,2018-2019,,degrees_north,degrees_east,mg m^-3,,,,degrees_north,degrees_east,mg m^-3,,,degrees_north,degrees_east,mg m^-3
2018-11-01T12:00:00Z,0,44.56875,-128.00625,0.52419645,2018-12-01T12:00:00Z,0,44.56875,-128.00625,0.51382613,,2019-01-01T12:00:00Z,0,44.56875,-128.00625,0.5915165,,,44.56875,-128.00625,0.543179693
2018-11-01T12:00:00Z,0,44.56875,-127.96875,0.5124649,2018-12-01T12:00:00Z,0,44.56875,-127.96875,0.42683375,,2019-01-01T12:00:00Z,0,44.56875,-127.96875,0.59415764,,,44.56875,-127.96875,0.511152097
2018-11-01T12:00:00Z,0,44.56875,-127.93125,0.51278096,2018-12-01T12:00:00Z,0,44.56875,-127.93125,0.4231729,,2019-01-01T12:00:00Z,0,44.56875,-127.93125,0.55959713,,,44.56875,-127.93125,0.498516997
2018-11-01T12:00:00Z,0,44.56875,-127.89375,0.5054873,2018-12-01T12:00:00Z,0,44.56875,-127.89375,1.0162706,,2019-01-01T12:00:00Z,0,44.56875,-127.89375,0.40234056,,,44.56875,-127.89375,0.641366153
2018-11-01T12:00:00Z,0,44.56875,-127.85625,0.6035561,2018-12-01T12:00:00Z,0,44.56875,-127.85625,0.41771117,,2019-01-01T12:00:00Z,0,44.56875,-127.85625,0.38779697,,,44.56875,-127.85625,0.46968808
2018-11-01T12:00:00Z,0,44.56875,-127.81875,0.5994326,2018-12-01T12:00:00Z,0,44.56875,-127.81875,0.42462498,,2019-01-01T12:00:00Z,0,44.56875,-127.81875,0.4107537,,,44.56875,-127.81875,0.478270427
2018-11-01T12:00:00Z,0,44.56875,-127.78125,0.57511425,2018-12-01T12:00:00Z,0,44.56875,-127.78125,0.41390058,,2019-01-01T12:00:00Z,0,44.56875,-127.78125,0.4243907,,,44.56875,-127.78125,0.471135177
2018-11-01T12:00:00Z,0,44.56875,-127.74375,0.5946772,2018-12-01T12:00:00Z,0,44.56875,-127.74375,0.3993621,,2019-01-01T12:00:00Z,0,44.56875,-127.74375,0.4475744,,,44.56875,-127.74375,0.4805379
2018-11-01T12:00:00Z,0,44.56875,-127.70625,0.5852015,2018-12-01T12:00:00Z,0,44.56875,-127.70625,0.40462533,,2019-01-01T12:00:00Z,0,44.56875,-127.70625,0.4991901,,,44.56875,-127.70625,0.496338977
2018-11-01T12:00:00Z,0,44.56875,-127.66875,0.5884992,2018-12-01T12:00:00Z,0,44.56875,-127.66875,0.3957804,,2019-01-01T12:00:00Z,0,44.56875,-127.66875,0.41723976,,,44.56875,-127.66875,0.46717312
2018-11-01T12:00:00Z,0,44.56875,-127.63125,0.6044007,2018-12-01T12:00:00Z,0,44.56875,-127.63125,0.3758283,,2019-01-01T12:00:00Z,0,44.56875,-127.63125,0.4216107,,,44.56875,-127.63125,0.4672799
2018-11-01T12:00:00Z,0,44.56875,-127.59375,0.5850973,2018-12-01T12:00:00Z,0,44.56875,-127.59375,0.40755516,,2019-01-01T12:00:00Z,0,44.56875,-127.59375,0.5509482,,,44.56875,-127.59375,0.514533553
2018-11-01T12:00:00Z,0,44.56875,-127.55625,0.59684336,2018-12-01T12:00:00Z,0,44.56875,-127.55625,0.36660522,,2019-01-01T12:00:00Z,0,44.56875,-127.55625,0.54107225,,,44.56875,-127.55625,0.501506943
2018-11-01T12:00:00Z,0,44.56875,-127.51875,0.6130784,2018-12-01T12:00:00Z,0,44.56875,-127.51875,0.37786052,,2019-01-01T12:00:00Z,0,44.56875,-127.51875,0.4918898,,,44.56875,-127.51875,0.49427624
2018-11-01T12:00:00Z,0,44.56875,-127.48125,0.588087,2018-12-01T12:00:00Z,0,44.56875,-127.48125,0.3769091,,2019-01-01T12:00:00Z,0,44.56875,-127.48125,0.4943288,,,44.56875,-127.48125,0.486441633
2018-11-01T12:00:00Z,0,44.56875,-127.44375,0.6314248,2018-12-01T12:00:00Z,0,44.56875,-127.44375,0.34548727,,2019-01-01T12:00:00Z,0,44.56875,-127.44375,0.43447265,,,44.56875,-127.44375,0.470461573
2018-11-01T12:00:00Z,0,44.56875,-127.40625,0.67070836,2018-12-01T12:00:00Z,0,44.56875,-127.40625,0.38935122,,2019-01-01T12:00:00Z,0,44.56875,-127.40625,0.74035835,,,44.56875,-127.40625,0.60013931
2018-11-01T12:00:00Z,0,44.56875,-127.36875,0.6702433,2018-12-01T12:00:00Z,0,44.56875,-127.36875,0.4395143,,2019-01-01T12:00:00Z,0,44.56875,-127.36875,0.8458681,,,44.56875,-127.36875,0.651875233
2018-11-01T12:00:00Z,0,44.56875,-127.33125,0.6587174,2018-12-01T12:00:00Z,0,44.56875,-127.33125,0.36745653,,2019-01-01T12:00:00Z,0,44.56875,-127.33125,0.52700484,,,44.56875,-127.33125,0.517726257
2018-11-01T12:00:00Z,0,44.56875,-127.29375,0.57665664,2018-12-01T12:00:00Z,0,44.56875,-127.29375,0.52139443,,2019-01-01T12:00:00Z,0,44.56875,-127.29375,0.41902095,,,44.56875,-127.29375,0.505690673
2018-11-01T12:00:00Z,0,44.56875,-127.25625,0.56403923,2018-12-01T12:00:00Z,0,44.56875,-127.25625,0.45045146,,2019-01-01T12:00:00Z,0,44.56875,-127.25625,0.4132524,,,44.56875,-127.25625,0.475914363
2018-11-01T12:00:00Z,0,44.56875,-127.21875,0.5114195,2018-12-01T12:00:00Z,0,44.56875,-127.21875,0.4585504,,2019-01-01T12:00:00Z,0,44.56875,-127.21875,0.415407,,,44.56875,-127.21875,0.4617923
2018-11-01T12:00:00Z,0,44.56875,-127.18125,0.46624923,2018-12-01T12:00:00Z,0,44.56875,-127.18125,0.42558026,,2019-01-01T12:00:00Z,0,44.56875,-127.18125,0.44737932,,,44.56875,-127.18125,0.446402937
2018-11-01T12:00:00Z,0,44.56875,-127.14375,0.44946963,2018-12-01T12:00:00Z,0,44.56875,-127.14375,0.3964131,,2019-01-01T12:00:00Z,0,44.56875,-127.14375,0.41709086,,,44.56875,-127.14375,0.420991197
2018-11-01T12:00:00Z,0,44.56875,-127.10625,0.47884372,2018-12-01T12:00:00Z,0,44.56875,-127.10625,0.38516328,,2019-01-01T12:00:00Z,0,44.56875,-127.10625,0.5332571,,,44.56875,-127.10625,0.4657547
2018-11-01T12:00:00Z,0,44.56875,-127.06875,0.4628887,2018-12-01T12:00:00Z,0,44.56875,-127.06875,0.38338482,,2019-01-01T12:00:00Z,0,44.56875,-127.06875,0.50846773,,,44.56875,-127.06875,0.451580417
2018-11-01T12:00:00Z,0,44.56875,-127.03125,0.44439694,2018-12-01T12:00:00Z,0,44.56875,-127.03125,0.30614313,,2019-01-01T12:00:00Z,0,44.56875,-127.03125,0.39687088,,,44.56875,-127.03125,0.382470317
2018-11-01T12:00:00Z,0,44.56875,-126.99375,0.41263437,2018-12-01T12:00:00Z,0,44.56875,-126.99375,0.32626206,,2019-01-01T12:00:00Z,0,44.56875,-126.99375,0.43278348,,,44.56875,-126.99375,0.39055997
2018-11-01T12:00:00Z,0,44.56875,-126.95625,0.40937003,2018-12-01T12:00:00Z,0,44.56875,-126.95625,0.32929182,,2019-01-01T12:00:00Z,0,44.56875,-126.95625,0.4392216,,,44.56875,-126.95625,0.392627817
2018-11-01T12:00:00Z,0,44.56875,-126.91875,0.4063885,2018-12-01T12:00:00Z,0,44.56875,-126.91875,0.3186231,,2019-01-01T12:00:00Z,0,44.56875,-126.91875,0.4267639,,,44.56875,-126.91875,0.383925167
2018-11-01T12:00:00Z,0,44.56875,-126.88125,0.40648606,2018-12-01T12:00:00Z,0,44.56875,-126.88125,0.33800057,,2019-01-01T12:00:00Z,0,44.56875,-126.88125,0.4312824,,,44.56875,-126.88125,0.39192301
2018-11-01T12:00:00Z,0,44.56875,-126.84375,0.39247692,2018-12-01T12:00:00Z,0,44.56875,-126.84375,0.34791505,,2019-01-01T12:00:00Z,0,44.56875,-126.84375,0.4188277,,,44.56875,-126.84375,0.386406557
2018-11-01T12:00:00Z,0,44.56875,-126.80625,0.45518437,2018-12-01T12:00:00Z,0,44.56875,-126.80625,0.33629933,,2019-01-01T12:00:00Z,0,44.56875,-126.80625,0.4186034,,,44.56875,-126.80625,0.403362367
2018-11-01T12:00:00Z,0,44.56875,-126.76875,0.43015018,2018-12-01T12:00:00Z,0,44.56875,-126.76875,0.353743,,2019-01-01T12:00:00Z,0,44.56875,-126.76875,0.41737294,,,44.56875,-126.76875,0.40042204
2018-11-01T12:00:00Z,0,44.56875,-126.73125,0.4328108,2018-12-01T12:00:00Z,0,44.56875,-126.73125,0.34981695,,2019-01-01T12:00:00Z,0,44.56875,-126.73125,0.39227346,,,44.56875,-126.73125,0.391633737
2018-11-01T12:00:00Z,0,44.56875,-126.69375,0.4112183,2018-12-01T12:00:00Z,0,44.56875,-126.69375,1.0668515,,2019-01-01T12:00:00Z,0,44.56875,-126.69375,0.3939488,,,44.56875,-126.69375,0.6240062
2018-11-01T12:00:00Z,0,44.56875,-126.65625,0.38987795,2018-12-01T12:00:00Z,0,44.56875,-126.65625,0.36766645,,2019-01-01T12:00:00Z,0,44.56875,-126.65625,0.41457522,,,44.56875,-126.65625,0.39070654
2018-11-01T12:00:00Z,0,44.56875,-126.61875,0.44180992,2018-12-01T12:00:00Z,0,44.56875,-126.61875,0.3631933,,2019-01-01T12:00:00Z,0,44.56875,-126.61875,0.41434357,,,44.56875,-126.61875,0.40644893
2018-11-01T12:00:00Z,0,44.56875,-126.58125,0.3864181,2018-12-01T12:00:00Z,0,44.56875,-126.58125,0.32203233,,2019-01-01T12:00:00Z,0,44.56875,-126.58125,0.37522757,,,44.56875,-126.58125,0.361226
2018-11-01T12:00:00Z,0,44.56875,-126.54375,0.4122027,2018-12-01T12:00:00Z,0,44.56875,-126.54375,0.30930027,,2019-01-01T12:00:00Z,0,44.56875,-126.54375,0.4270594,,,44.56875,-126.54375,0.382854123
2018-11-01T12:00:00Z,0,44.56875,-126.50625,0.4383991,2018-12-01T12:00:00Z,0,44.56875,-126.50625,0.35094628,,2019-01-01T12:00:00Z,0,44.56875,-126.50625,0.41780704,,,44.56875,-126.50625,0.40238414
2018-11-01T12:00:00Z,0,44.56875,-126.46875,0.39334685,2018-12-01T12:00:00Z,0,44.56875,-126.46875,0.34844556,,2019-01-01T12:00:00Z,0,44.56875,-126.46875,0.41531476,,,44.56875,-126.46875,0.38570239
2018-11-01T12:00:00Z,0,44.56875,-126.43125,0.39234933,2018-12-01T12:00:00Z,0,44.56875,-126.43125,0.35104305,,2019-01-01T12:00:00Z,0,44.56875,-126.43125,0.42384198,,,44.56875,-126.43125,0.38907812
2018-11-01T12:00:00Z,0,44.56875,-126.39375,0.42138112,2018-12-01T12:00:00Z,0,44.56875,-126.39375,0.36147633,,2019-01-01T12:00:00Z,0,44.56875,-126.39375,0.5631415,,,44.56875,-126.39375,0.448666317
2018-11-01T12:00:00Z,0,44.56875,-126.35625,0.40513855,2018-12-01T12:00:00Z,0,44.56875,-126.35625,0.3431367,,2019-01-01T12:00:00Z,0,44.56875,-126.35625,0.41796494,,,44.56875,-126.35625,0.38874673
2018-11-01T12:00:00Z,0,44.56875,-126.31875,0.39362946,2018-12-01T12:00:00Z,0,44.56875,-126.31875,0.30707154,,2019-01-01T12:00:00Z,0,44.56875,-126.31875,0.46216744,,,44.56875,-126.31875,0.387622813
2018-11-01T12:00:00Z,0,44.56875,-126.28125,0.37892556,2018-12-01T12:00:00Z,0,44.56875,-126.28125,0.41807508,,2019-01-01T12:00:00Z,0,44.56875,-126.28125,0.35169953,,,44.56875,-126.28125,0.382900057
2018-11-01T12:00:00Z,0,44.56875,-126.24375,0.3157736,2018-12-01T12:00:00Z,0,44.56875,-126.24375,0.94310147,,2019-01-01T12:00:00Z,0,44.56875,-126.24375,0.46286187,,,44.56875,-126.24375,0.573912313
2018-11-01T12:00:00Z,0,44.56875,-126.20625,0.31657737,2018-12-01T12:00:00Z,0,44.56875,-126.20625,0.4089348,,2019-01-01T12:00:00Z,0,44.56875,-126.20625,0.5011431,,,44.56875,-126.20625,0.40888509
2018-11-01T12:00:00Z,0,44.56875,-126.16875,0.42382213,2018-12-01T12:00:00Z,0,44.56875,-126.16875,0.40597206,,2019-01-01T12:00:00Z,0,44.56875,-126.16875,0.5209153,,,44.56875,-126.16875,0.450236497
2018-11-01T12:00:00Z,0,44.56875,-126.13125,0.37146455,2018-12-01T12:00:00Z,0,44.56875,-126.13125,0.46406478,,2019-01-01T12:00:00Z,0,44.56875,-126.13125,0.34300652,,,44.56875,-126.13125,0.392845283
2018-11-01T12:00:00Z,0,44.56875,-126.09375,0.41453212,2018-12-01T12:00:00Z,0,44.56875,-126.09375,0.4536011,,2019-01-01T12:00:00Z,0,44.56875,-126.09375,0.33488798,,,44.56875,-126.09375,0.401007067
2018-11-01T12:00:00Z,0,44.56875,-126.05625,0.4513836,2018-12-01T12:00:00Z,0,44.56875,-126.05625,0.46363193,,2019-01-01T12:00:00Z,0,44.56875,-126.05625,0.38292894,,,44.56875,-126.05625,0.432648157
2018-11-01T12:00:00Z,0,44.56875,-126.01875,0.48379418,2018-12-01T12:00:00Z,0,44.56875,-126.01875,0.46001124,,2019-01-01T12:00:00Z,0,44.56875,-126.01875,0.3759417,,,44.56875,-126.01875,0.439915707
2018-11-01T12:00:00Z,0,44.56875,-125.98125,0.42706928,2018-12-01T12:00:00Z,0,44.56875,-125.98125,0.38150704,,2019-01-01T12:00:00Z,0,44.56875,-125.98125,0.43347588,,,44.56875,-125.98125,0.4140174
2018-11-01T12:00:00Z,0,44.56875,-125.94375,0.43903667,2018-12-01T12:00:00Z,0,44.56875,-125.94375,0.37567443,,2019-01-01T12:00:00Z,0,44.56875,-125.94375,0.38574702,,,44.56875,-125.94375,0.400152707
2018-11-01T12:00:00Z,0,44.56875,-125.90625,0.40556,2018-12-01T12:00:00Z,0,44.56875,-125.90625,0.3604827,,2019-01-01T12:00:00Z,0,44.56875,-125.90625,0.39064604,,,44.56875,-125.90625,0.385562913
2018-11-01T12:00:00Z,0,44.56875,-125.86875,0.4500893,2018-12-01T12:00:00Z,0,44.56875,-125.86875,0.33156192,,2019-01-01T12:00:00Z,0,44.56875,-125.86875,0.4011361,,,44.56875,-125.86875,0.39426244
2018-11-01T12:00:00Z,0,44.56875,-125.83125,0.47809565,2018-12-01T12:00:00Z,0,44.56875,-125.83125,0.44891664,,2019-01-01T12:00:00Z,0,44.56875,-125.83125,0.3942409,,,44.56875,-125.83125,0.44041773
2018-11-01T12:00:00Z,0,44.56875,-125.79375,0.5087438,2018-12-01T12:00:00Z,0,44.56875,-125.79375,0.4532509,,2019-01-01T12:00:00Z,0,44.56875,-125.79375,0.39827594,,,44.56875,-125.79375,0.453423547
2018-11-01T12:00:00Z,0,44.56875,-125.75625,0.45810235,2018-12-01T12:00:00Z,0,44.56875,-125.75625,0.49153093,,2019-01-01T12:00:00Z,0,44.56875,-125.75625,0.44147715,,,44.56875,-125.75625,0.463703477
2018-11-01T12:00:00Z,0,44.56875,-125.71875,0.6028732,2018-12-01T12:00:00Z,0,44.56875,-125.71875,0.50528187,,2019-01-01T12:00:00Z,0,44.56875,-125.71875,0.41605127,,,44.56875,-125.71875,0.50806878
2018-11-01T12:00:00Z,0,44.56875,-125.68125,0.65788156,2018-12-01T12:00:00Z,0,44.56875,-125.68125,0.4477422,,2019-01-01T12:00:00Z,0,44.56875,-125.68125,0.43651786,,,44.56875,-125.68125,0.514047207
2018-11-01T12:00:00Z,0,44.56875,-125.64375,0.6569518,2018-12-01T12:00:00Z,0,44.56875,-125.64375,0.5265642,,2019-01-01T12:00:00Z,0,44.56875,-125.64375,0.45255855,,,44.56875,-125.64375,0.545358183
2018-11-01T12:00:00Z,0,44.56875,-125.60625,0.62055916,2018-12-01T12:00:00Z,0,44.56875,-125.60625,0.53924036,,2019-01-01T12:00:00Z,0,44.56875,-125.60625,0.43328682,,,44.56875,-125.60625,0.53102878
2018-11-01T12:00:00Z,0,44.56875,-125.56875,0.5857879,2018-12-01T12:00:00Z,0,44.56875,-125.56875,0.5177787,,2019-01-01T12:00:00Z,0,44.56875,-125.56875,0.39459953,,,44.56875,-125.56875,0.49938871
2018-11-01T12:00:00Z,0,44.56875,-125.53125,0.54235417,2018-12-01T12:00:00Z,0,44.56875,-125.53125,0.5364672,,2019-01-01T12:00:00Z,0,44.56875,-125.53125,0.40176195,,,44.56875,-125.53125,0.493527773
2018-11-01T12:00:00Z,0,44.56875,-125.49375,0.64645064,2018-12-01T12:00:00Z,0,44.56875,-125.49375,0.5019108,,2019-01-01T12:00:00Z,0,44.56875,-125.49375,0.40249464,,,44.56875,-125.49375,0.516952027
2018-11-01T12:00:00Z,0,44.56875,-125.45625,0.63359207,2018-12-01T12:00:00Z,0,44.56875,-125.45625,0.50031745,,2019-01-01T12:00:00Z,0,44.56875,-125.45625,0.4628798,,,44.56875,-125.45625,0.532263107
2018-11-01T12:00:00Z,0,44.56875,-125.41875,0.6956269,2018-12-01T12:00:00Z,0,44.56875,-125.41875,0.49731222,,2019-01-01T12:00:00Z,0,44.56875,-125.41875,0.4929635,,,44.56875,-125.41875,0.56196754
2018-11-01T12:00:00Z,0,44.56875,-125.38125,0.76990986,2018-12-01T12:00:00Z,0,44.56875,-125.38125,0.45991838,,2019-01-01T12:00:00Z,0,44.56875,-125.38125,0.5057623,,,44.56875,-125.38125,0.57853018
2018-11-01T12:00:00Z,0,44.56875,-125.34375,0.6297653,2018-12-01T12:00:00Z,0,44.56875,-125.34375,0.5056009,,2019-01-01T12:00:00Z,0,44.56875,-125.34375,0.45909405,,,44.56875,-125.34375,0.53148675
2018-11-01T12:00:00Z,0,44.56875,-125.30625,0.6489825,2018-12-01T12:00:00Z,0,44.56875,-125.30625,0.48638526,,2019-01-01T12:00:00Z,0,44.56875,-125.30625,0.4812504,,,44.56875,-125.30625,0.53887272
2018-11-01T12:00:00Z,0,44.56875,-125.26875,0.7097556,2018-12-01T12:00:00Z,0,44.56875,-125.26875,0.5885407,,2019-01-01T12:00:00Z,0,44.56875,-125.26875,0.4896496,,,44.56875,-125.26875,0.595981967
2018-11-01T12:00:00Z,0,44.56875,-125.23125,0.63086945,2018-12-01T12:00:00Z,0,44.56875,-125.23125,0.5673921,,2019-01-01T12:00:00Z,0,44.56875,-125.23125,0.5081925,,,44.56875,-125.23125,0.568818017
2018-11-01T12:00:00Z,0,44.56875,-125.19375,0.64939225,2018-12-01T12:00:00Z,0,44.56875,-125.19375,0.5745127,,2019-01-01T12:00:00Z,0,44.56875,-125.19375,0.47753924,,,44.56875,-125.19375,0.567148063
2018-11-01T12:00:00Z,0,44.56875,-125.15625,0.65071344,2018-12-01T12:00:00Z,0,44.56875,-125.15625,0.58793676,,2019-01-01T12:00:00Z,0,44.56875,-125.15625,0.47621483,,,44.56875,-125.15625,0.571621677
2018-11-01T12:00:00Z,0,44.56875,-125.11875,0.6665487,2018-12-01T12:00:00Z,0,44.56875,-125.11875,0.618995,,2019-01-01T12:00:00Z,0,44.56875,-125.11875,0.4920542,,,44.56875,-125.11875,0.592532633
2018-11-01T12:00:00Z,0,44.56875,-125.08125,0.697368,2018-12-01T12:00:00Z,0,44.56875,-125.08125,0.6088743,,2019-01-01T12:00:00Z,0,44.56875,-125.08125,0.48828024,,,44.56875,-125.08125,0.59817418
2018-11-01T12:00:00Z,0,44.56875,-125.04375,0.756027,2018-12-01T12:00:00Z,0,44.56875,-125.04375,0.5405877,,2019-01-01T12:00:00Z,0,44.56875,-125.04375,0.5050527,,,44.56875,-125.04375,0.6005558
2018-11-01T12:00:00Z,0,44.56875,-125.00625,0.7718119,2018-12-01T12:00:00Z,0,44.56875,-125.00625,1.0806359,,2019-01-01T12:00:00Z,0,44.56875,-125.00625,0.52093244,,,44.56875,-125.00625,0.791126747
2018-11-01T12:00:00Z,0,44.56875,-124.96875,0.82731926,2018-12-01T12:00:00Z,0,44.56875,-124.96875,1.0414772,,2019-01-01T12:00:00Z,0,44.56875,-124.96875,0.5185751,,,44.56875,-124.96875,0.79579052
2018-11-01T12:00:00Z,0,44.56875,-124.93125,0.7817355,2018-12-01T12:00:00Z,0,44.56875,-124.93125,1.5896739,,2019-01-01T12:00:00Z,0,44.56875,-124.93125,0.4951669,,,44.56875,-124.93125,0.955525433
2018-11-01T12:00:00Z,0,44.56875,-124.89375,0.8736981,2018-12-01T12:00:00Z,0,44.56875,-124.89375,0.6006778,,2019-01-01T12:00:00Z,0,44.56875,-124.89375,0.45059508,,,44.56875,-124.89375,0.641656993
2018-11-01T12:00:00Z,0,44.56875,-124.85625,0.9075396,2018-12-01T12:00:00Z,0,44.56875,-124.85625,1.3208734,,2019-01-01T12:00:00Z,0,44.56875,-124.85625,0.46642423,,,44.56875,-124.85625,0.898279077
2018-11-01T12:00:00Z,0,44.56875,-124.81875,0.86960673,2018-12-01T12:00:00Z,0,44.56875,-124.81875,0.5650774,,2019-01-01T12:00:00Z,0,44.56875,-124.81875,0.63498044,,,44.56875,-124.81875,0.68988819
2018-11-01T12:00:00Z,0,44.56875,-124.78125,0.95398504,2018-12-01T12:00:00Z,0,44.56875,-124.78125,0.64948803,,2019-01-01T12:00:00Z,0,44.56875,-124.78125,0.65965796,,,44.56875,-124.78125,0.75437701
2018-11-01T12:00:00Z,0,44.56875,-124.74375,1.0031642,2018-12-01T12:00:00Z,0,44.56875,-124.74375,0.3960877,,2019-01-01T12:00:00Z,0,44.56875,-124.74375,0.6634763,,,44.56875,-124.74375,0.687576067
2018-11-01T12:00:00Z,0,44.56875,-124.70625,0.85775054,2018-12-01T12:00:00Z,0,44.56875,-124.70625,0.51736695,,2019-01-01T12:00:00Z,0,44.56875,-124.70625,0.6310187,,,44.56875,-124.70625,0.668712063
2018-11-01T12:00:00Z,0,44.56875,-124.66875,0.663103,2018-12-01T12:00:00Z,0,44.56875,-124.66875,0.52025515,,2019-01-01T12:00:00Z,0,44.56875,-124.66875,0.7437058,,,44.56875,-124.66875,0.64235465
2018-11-01T12:00:00Z,0,44.56875,-124.63125,0.85397655,2018-12-01T12:00:00Z,0,44.56875,-124.63125,0.50703216,,2019-01-01T12:00:00Z,0,44.56875,-124.63125,0.7582144,,,44.56875,-124.63125,0.706407703
2018-11-01T12:00:00Z,0,44.56875,-124.59375,0.93853027,2018-12-01T12:00:00Z,0,44.56875,-124.59375,0.66405964,,2019-01-01T12:00:00Z,0,44.56875,-124.59375,0.76304924,,,44.56875,-124.59375,0.788546383
2018-11-01T12:00:00Z,0,44.56875,-124.55625,1.0391028,2018-12-01T12:00:00Z,0,44.56875,-124.55625,0.7026751,,2019-01-01T12:00:00Z,0,44.56875,-124.55625,0.91406375,,,44.56875,-124.55625,0.88528055
2018-11-01T12:00:00Z,0,44.56875,-124.51875,1.0595043,2018-12-01T12:00:00Z,0,44.56875,-124.51875,0.7678471,,2019-01-01T12:00:00Z,0,44.56875,-124.51875,1.0457522,,,44.56875,-124.51875,0.9577012
2018-11-01T12:00:00Z,0,44.56875,-124.48125,1.3408473,2018-12-01T12:00:00Z,0,44.56875,-124.48125,0.8838571,,2019-01-01T12:00:00Z,0,44.56875,-124.48125,1.0546379,,,44.56875,-124.48125,1.0931141
2018-11-01T12:00:00Z,0,44.56875,-124.44375,1.468485,2018-12-01T12:00:00Z,0,44.56875,-124.44375,0.61789757,,2019-01-01T12:00:00Z,0,44.56875,-124.44375,0.87433845,,,44.56875,-124.44375,0.986907007
2018-11-01T12:00:00Z,0,44.56875,-124.40625,1.5653759,2018-12-01T12:00:00Z,0,44.56875,-124.40625,0.8874793,,2019-01-01T12:00:00Z,0,44.56875,-124.40625,0.93334067,,,44.56875,-124.40625,1.128731957
2018-11-01T12:00:00Z,0,44.56875,-124.36875,2.7554095,2018-12-01T12:00:00Z,0,44.56875,-124.36875,0.78662467,,2019-01-01T12:00:00Z,0,44.56875,-124.36875,1.0865091,,,44.56875,-124.36875,1.542847757
2018-11-01T12:00:00Z,0,44.56875,-124.33125,3.1521628,2018-12-01T12:00:00Z,0,44.56875,-124.33125,0.9308318,,2019-01-01T12:00:00Z,0,44.56875,-124.33125,1.2572318,,,44.56875,-124.33125,1.780075467
2018-11-01T12:00:00Z,0,44.56875,-124.29375,3.2311754,2018-12-01T12:00:00Z,0,44.56875,-124.29375,0.9049937,,2019-01-01T12:00:00Z,0,44.56875,-124.29375,1.6304755,,,44.56875,-124.29375,1.922214867
2018-11-01T12:00:00Z,0,44.56875,-124.25625,2.9851465,2018-12-01T12:00:00Z,0,44.56875,-124.25625,1.1154983,,2019-01-01T12:00:00Z,0,44.56875,-124.25625,1.260511,,,44.56875,-124.25625,1.787051933
2018-11-01T12:00:00Z,0,44.56875,-124.21875,2.4820998,2018-12-01T12:00:00Z,0,44.56875,-124.21875,1.3803188,,2019-01-01T12:00:00Z,0,44.56875,-124.21875,1.4051601,,,44.56875,-124.21875,1.755859567
2018-11-01T12:00:00Z,0,44.56875,-124.18125,2.208517,2018-12-01T12:00:00Z,0,44.56875,-124.18125,1.1201551,,2019-01-01T12:00:00Z,0,44.56875,-124.18125,1.4403803,,,44.56875,-124.18125,1.589684133
2018-11-01T12:00:00Z,0,44.56875,-124.14375,1.9031844,2018-12-01T12:00:00Z,0,44.56875,-124.14375,1.5560489,,2019-01-01T12:00:00Z,0,44.56875,-124.14375,1.8732212,,,44.56875,-124.14375,1.777484833
2018-11-01T12:00:00Z,0,44.56875,-124.10625,4.374988,2018-12-01T12:00:00Z,0,44.56875,-124.10625,2.2876275,,2019-01-01T12:00:00Z,0,44.56875,-124.10625,4.87195,,,44.56875,-124.10625,3.844855167
2018-11-01T12:00:00Z,0,44.56875,-124.06875,5.231385,2018-12-01T12:00:00Z,0,44.56875,-124.06875,3.6571975,,2019-01-01T12:00:00Z,0,44.56875,-124.06875,4.769149,,,44.56875,-124.06875,4.552577167
2018-11-01T12:00:00Z,0,44.56875,-124.03125,NaN,2018-12-01T12:00:00Z,0,44.56875,-124.03125,NaN,,2019-01-01T12:00:00Z,0,44.56875,-124.03125,NaN,,,,,
2018-11-01T12:00:00Z,0,44.56875,-123.99375,NaN,2018-12-01T12:00:00Z,0,44.56875,-123.99375,NaN,,2019-01-01T12:00:00Z,0,44.56875,-123.99375,NaN,,,,,
2018-11-01T12:00:00Z,0,44.56875,-123.95625,NaN,2018-12-01T12:00:00Z,0,44.56875,-123.95625,NaN,,2019-01-01T12:00:00Z,0,44.56875,-123.95625,NaN,,,,,
2018-11-01T12:00:00Z,0,44.56875,-123.91875,NaN,2018-12-01T12:00:00Z,0,44.56875,-123.91875,NaN,,2019-01-01T12:00:00Z,0,44.56875,-123.91875,NaN,,,,,
2018-11-01T12:00:00Z,0,44.56875,-123.88125,NaN,2018-12-01T12:00:00Z,0,44.56875,-123.88125,NaN,,2019-01-01T12:00:00Z,0,44.56875,-123.88125,NaN,,,,,
2018-11-01T12:00:00Z,0,44.56875,-123.84375,NaN,2018-12-01T12:00:00Z,0,44.56875,-123.84375,NaN,,2019-01-01T12:00:00Z,0,44.56875,-123.84375,NaN,,,,,
2018-11-01T12:00:00Z,0,44.56875,-123.80625,NaN,2018-12-01T12:00:00Z,0,44.56875,-123.80625,NaN,,2019-01-01T12:00:00Z,0,44.56875,-123.80625,NaN,,,,,
2018-11-01T12:00:00Z,0,44.56875,-123.76875,NaN,2018-12-01T12:00:00Z,0,44.56875,-123.76875,NaN,,2019-01-01T12:00:00Z,0,44.56875,-123.76875,NaN,,,,,
2018-11-01T12:00:00Z,0,44.56875,-123.73125,NaN,2018-12-01T12:00:00Z,0,44.56875,-123.73125,NaN,,2019-01-01T12:00:00Z,0,44.56875,-123.73125,NaN,,,,,
2018-11-01T12:00:00Z,0,44.56875,-123.69375,NaN,2018-12-01T12:00:00Z,0,44.56875,-123.69375,NaN,,2019-01-01T12:00:00Z,0,44.56875,-123.69375,NaN,,,,,
2018-11-01T12:00:00Z,0,44.56875,-123.65625,NaN,2018-12-01T12:00:00Z,0,44.56875,-123.65625,NaN,,2019-01-01T12:00:00Z,0,44.56875,-123.65625,NaN,,,,,
2018-11-01T12:00:00Z,0,44.56875,-123.61875,NaN,2018-12-01T12:00:00Z,0,44.56875,-123.61875,NaN,,2019-01-01T12:00:00Z,0,44.56875,-123.61875,NaN,,,,,
2018-11-01T12:00:00Z,0,44.56875,-123.58125,NaN,2018-12-01T12:00:00Z,0,44.56875,-123.58125,NaN,,2019-01-01T12:00:00Z,0,44.56875,-123.58125,NaN,,,,,
2018-11-01T12:00:00Z,0,44.56875,-123.54375,NaN,2018-12-01T12:00:00Z,0,44.56875,-123.54375,NaN,,2019-01-01T12:00:00Z,0,44.56875,-123.54375,NaN,,,,,
2018-11-01T12:00:00Z,0,44.56875,-123.50625,NaN,2018-12-01T12:00:00Z,0,44.56875,-123.50625,NaN,,2019-01-01T12:00:00Z,0,44.56875,-123.50625,NaN,,,,,
2018-11-01T12:00:00Z,0,44.56875,-123.46875,NaN,2018-12-01T12:00:00Z,0,44.56875,-123.46875,NaN,,2019-01-01T12:00:00Z,0,44.56875,-123.46875,NaN,,,,,
2018-11-01T12:00:00Z,0,44.56875,-123.43125,NaN,2018-12-01T12:00:00Z,0,44.56875,-123.43125,NaN,,2019-01-01T12:00:00Z,0,44.56875,-123.43125,NaN,,,,,
2018-11-01T12:00:00Z,0,44.56875,-123.39375,NaN,2018-12-01T12:00:00Z,0,44.56875,-123.39375,NaN,,2019-01-01T12:00:00Z,0,44.56875,-123.39375,NaN,,,,,
2018-11-01T12:00:00Z,0,44.56875,-123.35625,NaN,2018-12-01T12:00:00Z,0,44.56875,-123.35625,NaN,,2019-01-01T12:00:00Z,0,44.56875,-123.35625,NaN,,,,,
2018-11-01T12:00:00Z,0,44.56875,-123.31875,NaN,2018-12-01T12:00:00Z,0,44.56875,-123.31875,NaN,,2019-01-01T12:00:00Z,0,44.56875,-123.31875,NaN,,,,,
2018-11-01T12:00:00Z,0,44.56875,-123.28125,NaN,2018-12-01T12:00:00Z,0,44.56875,-123.28125,NaN,,2019-01-01T12:00:00Z,0,44.56875,-123.28125,NaN,,,,,
2018-11-01T12:00:00Z,0,44.56875,-123.24375,NaN,2018-12-01T12:00:00Z,0,44.56875,-123.24375,NaN,,2019-01-01T12:00:00Z,0,44.56875,-123.24375,NaN,,,,,
,,,,,,,,,,,,,,,,,,,,
,,,,,,,,,,,,,,,,,,,,
,,,,,,,,,,,,,,,,,,,,
,,,,,,,,,,,,,,,,,,,,
,,,,,,,,,,,,,,,,,,,,
,,,,,,,,,,,,,,,,,,,,
,,,,,,,,,,,,,,,,,,,,
,,,,,,,,,,,,,,,,,,,,
,,,,,,,,,,,,,,,,,,,,
,,,,,,,,,,,,,,,,,,,,
,,,,,,,,,,,,,,,,,,,,
,,,,,,,,,,,,,,,,,,,,
,,,,,,,,,,,,,,,,,,,,
,,,,,,,,,,,,,,,,,,,,
,,,,,,,,,,,,,,,,,,,,
,,,,,,,,,,,,,,,,,,,,
,,,,,,,,,,,,,,,,,,,,
,,,,,,,,,,,,,,,,,,,,
,,,,,,,,,,,,,,,,,,,,
,,,,,,,,,,,,,,,,,,,,
,,,,,,,,,,,,,,,,,,,,
,,,,,,,,,,,,,,,,,,,,
,,,,,,,,,,,,,,,,,,,,
,,,,,,,,,,,,,,,,,,,,
,,,,,,,,,,,,,,,,,,,,
,,,,,,,,,,,,,,,,,,,,
,,,,,,,,,,,,,,,,,,,,
,,,,,,,,,,,,,,,,,,,,
,,,,,,,,,,,,,,,,,,,,
,,,,,,,,,,,,,,,,,,,,
,,,,,,,,,,,,,,,,,,,,
,,,,,,,,,,,,,,,,,,,,
,,,,,,,,,,,,,,,,,,,,
,,,,,,,,,,,,,,,,,,,,
,,,,,,,,,,,,,,,,,,,,
,,,,,,,,,,,,,,,,,,,,
,,,,,,,,,,,,,,,,,,,,
,,,,,,,,,,,,,,,,,,,,
,,,,,,,,,,,,,,,,,,,,
,,,,,,,,,,,,,,,,,,,,
,,,,,,,,,,,,,,,,,,,,
,,,,,,,,,,,,,,,,,,,,
,,,,,,,,,,,,,,,,,,,,
,,,,,,,,,,,,,,,,,,,,
,,,,,,,,,,,,,,,,,,,,
,,,,,,,,,,,,,,,,,,,,
,,,,,,,,,,,,,,,,,,,,
,,,,,,,,,,,,,,,,,,,,
,,,,,,,,,,,,,,,,,,,,
,,,,,,,,,,,,,,,,,,,,
,,,,,,,,,,,,,,,,,,,,
,,,,,,,,,,,,,,,,,,,,
,,,,,,,,,,,,,,,,,,,,
,,,,,,,,,,,,,,,,,,,,
,,,,,,,,,,,,,,,,,,,,
,,,,,,,,,,,,,,,,,,,,
,,,,,,,,,,,,,,,,,,,,
,,,,,,,,,,,,,,,,,,,,
,,,,,,,,,,,,,,,,,,,,
,,,,,,,,,,,,,,,,,,,,
,,,,,,,,,,,,,,,,,,,,
,,,,,,,,,,,,,,,,,,,,
,,,,,,,,,,,,,,,,,,,,
,,,,,,,,,,,,,,,,,,,,
,,,,,,,,,,,,,,,,,,,,
,,,,,,,,,,,,,,,,,,,,
,,,,,,,,,,,,,,,,,,,,
,,,,,,,,,,,,,,,,,,,,
,,,,,,,,,,,,,,,,,,,,
,,,,,,,,,,,,,,,,,,,,
,,,,,,,,,,,,,,,,,,,,
,,,,,,,,,,,,,,,,,,,,
,,,,,,,,,,,,,,,,,,,,
,,,,,,,,,,,,,,,,,,,,
,,,,,,,,,,,,,,,,,,,,
,,,,,,,,,,,,,,,,,,,,
,,,,,,,,,,,,,,,,,,,,
,,,,,,,,,,,,,,,,,,,,
,,,,,,,,,,,,,,,,,,,,
,,,,,,,,,,,,,,,,,,,,
,,,,,,,,,,,,,,,,,,,,
,,,,,,,,,,,,,,,,,,,,
,,,,,,,,,,,,,,,,,,,,
,,,,,,,,,,,,,,,,,,,,
,,,,,,,,,,,,,,,,,,,,
,,,,,,,,,,,,,,,,,,,,
,,,,,,,,,,,,,,,,,,,,
,,,,,,,,,,,,,,,,,,,,
,,,,,,,,,,,,,,,,,,,,
,,,,,,,,,,,,,,,,,,,,
,,,,,,,,,,,,,,,,,,,,
,,,,,,,,,,,,,,,,,,,,
,,,,,,,,,,,,,,,,,,,,
,,,,,,,,,,,,,,,,,,,,
,,,,,,,,,,,,,,,,,,,,
,,,,,,,,,,,,,,,,,,,,
,,,,,,,,,,,,,,,,,,,,
,,,,,,,,,,,,,,,,,,,,
,,,,,,,,,,,,,,,,,,,,
,,,,,,,,,,,,,,,,,,,,
,,,,,,,,,,,,,,,,,,,,
,,,,,,,,,,,,,,,,,,,,
,,,,,,,,,,,,,,,,,,,,
,,,,,,,,,,,,,,,,,,,,
,,,,,,,,,,,,,,,,,,,,
,,,,,,,,,,,,,,,,,,,,
,,,,,,,,,,,,,,,,,,,,
,,,,,,,,,,,,,,,,,,,,
,,,,,,,,,,,,,,,,,,,,
,,,,,,,,,,,,,,,,,,,,
,,,,,,,,,,,,,,,,,,,,
,,,,,,,,,,,,,,,,,,,,
,,,,,,,,,,,,,,,,,,,,
,,,,,,,,,,,,,,,,,,,,
,,,,,,,,,,,,,,,,,,,,
,,,,,,,,,,,,,,,,,,,,
,,,,,,,,,,,,,,,,,,,,
,,,,,,,,,,,,,,,,,,,,
,,,,,,,,,,,,,,,,,,,,
,,,,,,,,,,,,,,,,,,,,
,,,,,,,,,,,,,,,,,,,,
,,,,,,,,,,,,,,,,,,,,
,,,,,,,,,,,,,,,,,,,,
,,,,,,,,,,,,,,,,,,,,
,,,,,,,,,,,,,,,,,,,,
,,,,,,,,,,,,,,,,,,,,
,,,,,,,,,,,,,,,,,,,,
,,,,,,,,,,,,,,,,,,,,
,,,,,,,,,,,,,,,,,,,,
,,,,,,,,,,,,,,,,,,,,
,,,,,,,,,,,,,,,,,,,,
,,,,,,,,,,,,,,,,,,,,
,,,,,,,,,,,,,,,,,,,,
,,,,,,,,,,,,,,,,,,,,
,,,,,,,,,,,,,,,,,,,,
,,,,,,,,,,,,,,,,,,,,
,,,,,,,,,,,,,,,,,,,,
,,,,,,,,,,,,,,,,,,,,
,,,,,,,,,,,,,,,,,,,,
,,,,,,,,,,,,,,,,,,,,
,,,,,,,,,,,,,,,,,,,,
,,,,,,,,,,,,,,,,,,,,
,,,,,,,,,,,,,,,,,,,,
,,,,,,,,,,,,,,,,,,,,
,,,,,,,,,,,,,,,,,,,,
,,,,,,,,,,,,,,,,,,,,
,,,,,,,,,,,,,,,,,,,,
,,,,,,,,,,,,,,,,,,,,
,,,,,,,,,,,,,,,,,,,,
,,,,,,,,,,,,,,,,,,,,
,,,,,,,,,,,,,,,,,,,,
,,,,,,,,,,,,,,,,,,,,
,,,,,,,,,,,,,,,,,,,,
,,,,,,,,,,,,,,,,,,,,
,,,,,,,,,,,,,,,,,,,,
,,,,,,,,,,,,,,,,,,,,
,,,,,,,,,,,,,,,,,,,,
,,,,,,,,,,,,,,,,,,,,
,,,,,,,,,,,,,,,,,,,,
,,,,,,,,,,,,,,,,,,,,
,,,,,,,,,,,,,,,,,,,,
,,,,,,,,,,,,,,,,,,,,
,,,,,,,,,,,,,,,,,,,,
,,,,,,,,,,,,,,,,,,,,
,,,,,,,,,,,,,,,,,,,,
,,,,,,,,,,,,,,,,,,,,
,,,,,,,,,,,,,,,,,,,,
,,,,,,,,,,,,,,,,,,,,
,,,,,,,,,,,,,,,,,,,,
,,,,,,,,,,,,,,,,,,,,
,,,,,,,,,,,,,,,,,,,,
,,,,,,,,,,,,,,,,,,,,
,,,,,,,,,,,,,,,,,,,,
,,,,,,,,,,,,,,,,,,,,
,,,,,,,,,,,,,,,,,,,,
,,,,,,,,,,,,,,,,,,,,
,,,,,,,,,,,,,,,,,,,,
,,,,,,,,,,,,,,,,,,,,
,,,,,,,,,,,,,,,,,,,,
,,,,,,,,,,,,,,,,,,,,
,,,,,,,,,,,,,,,,,,,,
,,,,,,,,,,,,,,,,,,,,
,,,,,,,,,,,,,,,,,,,,
,,,,,,,,,,,,,,,,,,,,
,,,,,,,,,,,,,,,,,,,,
,,,,,,,,,,,,,,,,,,,,
,,,,,,,,,,,,,,,,,,,,
,,,,,,,,,,,,,,,,,,,,
,,,,,,,,,,,,,,,,,,,,
,,,,,,,,,,,,,,,,,,,,
,,,,,,,,,,,,,,,,,,,,
,,,,,,,,,,,,,,,,,,,,
,,,,,,,,,,,,,,,,,,,,
,,,,,,,,,,,,,,,,,,,,
,,,,,,,,,,,,,,,,,,,,
,,,,,,,,,,,,,,,,,,,,
,,,,,,,,,,,,,,,,,,,,
,,,,,,,,,,,,,,,,,,,,
,,,,,,,,,,,,,,,,,,,,
,,,,,,,,,,,,,,,,,,,,
,,,,,,,,,,,,,,,,,,,,
,,,,,,,,,,,,,,,,,,,,
,,,,,,,,,,,,,,,,,,,,
,,,,,,,,,,,,,,,,,,,,
,,,,,,,,,,,,,,,,,,,,
,,,,,,,,,,,,,,,,,,,,
,,,,,,,,,,,,,,,,,,,,
,,,,,,,,,,,,,,,,,,,,
,,,,,,,,,,,,,,,,,,,,
,,,,,,,,,,,,,,,,,,,,
,,,,,,,,,,,,,,,,,,,,
,,,,,,,,,,,,,,,,,,,,
,,,,,,,,,,,,,,,,,,,,
,,,,,,,,,,,,,,,,,,,,
,,,,,,,,,,,,,,,,,,,,
,,,,,,,,,,,,,,,,,,,,
,,,,,,,,,,,,,,,,,,,,
,,,,,,,,,,,,,,,,,,,,
,,,,,,,,,,,,,,,,,,,,
,,,,,,,,,,,,,,,,,,,,
,,,,,,,,,,,,,,,,,,,,
,,,,,,,,,,,,,,,,,,,,
,,,,,,,,,,,,,,,,,,,,
,,,,,,,,,,,,,,,,,,,,
,,,,,,,,,,,,,,,,,,,,
,,,,,,,,,,,,,,,,,,,,
,,,,,,,,,,,,,,,,,,,,
,,,,,,,,,,,,,,,,,,,,
,,,,,,,,,,,,,,,,,,,,
,,,,,,,,,,,,,,,,,,,,
,,,,,,,,,,,,,,,,,,,,
,,,,,,,,,,,,,,,,,,,,
,,,,,,,,,,,,,,,,,,,,
,,,,,,,,,,,,,,,,,,,,
,,,,,,,,,,,,,,,,,,,,
,,,,,,,,,,,,,,,,,,,,
,,,,,,,,,,,,,,,,,,,,
,,,,,,,,,,,,,,,,,,,,
,,,,,,,,,,,,,,,,,,,,
,,,,,,,,,,,,,,,,,,,,
,,,,,,,,,,,,,,,,,,,,
,,,,,,,,,,,,,,,,,,,,
,,,,,,,,,,,,,,,,,,,,
,,,,,,,,,,,,,,,,,,,,
,,,,,,,,,,,,,,,,,,,,
,,,,,,,,,,,,,,,,,,,,
,,,,,,,,,,,,,,,,,,,,
,,,,,,,,,,,,,,,,,,,,
,,,,,,,,,,,,,,,,,,,,
,,,,,,,,,,,,,,,,,,,,
,,,,,,,,,,,,,,,,,,,,
,,,,,,,,,,,,,,,,,,,,
,,,,,,,,,,,,,,,,,,,,
,,,,,,,,,,,,,,,,,,,,
,,,,,,,,,,,,,,,,,,,,
,,,,,,,,,,,,,,,,,,,,
,,,,,,,,,,,,,,,,,,,,
,,,,,,,,,,,,,,,,,,,,
,,,,,,,,,,,,,,,,,,,,
,,,,,,,,,,,,,,,,,,,,
,,,,,,,,,,,,,,,,,,,,
,,,,,,,,,,,,,,,,,,,,
,,,,,,,,,,,,,,,,,,,,
,,,,,,,,,,,,,,,,,,,,
,,,,,,,,,,,,,,,,,,,,
,,,,,,,,,,,,,,,,,,,,
,,,,,,,,,,,,,,,,,,,,
,,,,,,,,,,,,,,,,,,,,
,,,,,,,,,,,,,,,,,,,,
,,,,,,,,,,,,,,,,,,,,
,,,,,,,,,,,,,,,,,,,,
,,,,,,,,,,,,,,,,,,,,
,,,,,,,,,,,,,,,,,,,,
,,,,,,,,,,,,,,,,,,,,
,,,,,,,,,,,,,,,,,,,,
,,,,,,,,,,,,,,,,,,,,
,,,,,,,,,,,,,,,,,,,,
,,,,,,,,,,,,,,,,,,,,
,,,,,,,,,,,,,,,,,,,,
,,,,,,,,,,,,,,,,,,,,
,,,,,,,,,,,,,,,,,,,,
,,,,,,,,,,,,,,,,,,,,
,,,,,,,,,,,,,,,,,,,,
,,,,,,,,,,,,,,,,,,,,
,,,,,,,,,,,,,,,,,,,,
,,,,,,,,,,,,,,,,,,,,
,,,,,,,,,,,,,,,,,,,,
,,,,,,,,,,,,,,,,,,,,
,,,,,,,,,,,,,,,,,,,,
,,,,,,,,,,,,,,,,,,,,
,,,,,,,,,,,,,,,,,,,,
,,,,,,,,,,,,,,,,,,,,
,,,,,,,,,,,,,,,,,,,,
,,,,,,,,,,,,,,,,,,,,
,,,,,,,,,,,,,,,,,,,,
,,,,,,,,,,,,,,,,,,,,
,,,,,,,,,,,,,,,,,,,,
,,,,,,,,,,,,,,,,,,,,
,,,,,,,,,,,,,,,,,,,,
,,,,,,,,,,,,,,,,,,,,
,,,,,,,,,,,,,,,,,,,,
,,,,,,,,,,,,,,,,,,,,
,,,,,,,,,,,,,,,,,,,,
,,,,,,,,,,,,,,,,,,,,
,,,,,,,,,,,,,,,,,,,,
,,,,,,,,,,,,,,,,,,,,
,,,,,,,,,,,,,,,,,,,,
,,,,,,,,,,,,,,,,,,,,
,,,,,,,,,,,,,,,,,,,,
,,,,,,,,,,,,,,,,,,,,
,,,,,,,,,,,,,,,,,,,,
,,,,,,,,,,,,,,,,,,,,
,,,,,,,,,,,,,,,,,,,,
,,,,,,,,,,,,,,,,,,,,
,,,,,,,,,,,,,,,,,,,,
,,,,,,,,,,,,,,,,,,,,
,,,,,,,,,,,,,,,,,,,,
,,,,,,,,,,,,,,,,,,,,
,,,,,,,,,,,,,,,,,,,,
,,,,,,,,,,,,,,,,,,,,
,,,,,,,,,,,,,,,,,,,,
,,,,,,,,,,,,,,,,,,,,
,,,,,,,,,,,,,,,,,,,,
,,,,,,,,,,,,,,,,,,,,
,,,,,,,,,,,,,,,,,,,,
,,,,,,,,,,,,,,,,,,,,
,,,,,,,,,,,,,,,,,,,,
,,,,,,,,,,,,,,,,,,,,
,,,,,,,,,,,,,,,,,,,,
,,,,,,,,,,,,,,,,,,,,
,,,,,,,,,,,,,,,,,,,,
,,,,,,,,,,,,,,,,,,,,
,,,,,,,,,,,,,,,,,,,,
,,,,,,,,,,,,,,,,,,,,
,,,,,,,,,,,,,,,,,,,,
,,,,,,,,,,,,,,,,,,,,
,,,,,,,,,,,,,,,,,,,,
,,,,,,,,,,,,,,,,,,,,
,,,,,,,,,,,,,,,,,,,,
,,,,,,,,,,,,,,,,,,,,
,,,,,,,,,,,,,,,,,,,,
,,,,,,,,,,,,,,,,,,,,
,,,,,,,,,,,,,,,,,,,,
,,,,,,,,,,,,,,,,,,,,
,,,,,,,,,,,,,,,,,,,,
,,,,,,,,,,,,,,,,,,,,
,,,,,,,,,,,,,,,,,,,,
,,,,,,,,,,,,,,,,,,,,
,,,,,,,,,,,,,,,,,,,,
,,,,,,,,,,,,,,,,,,,,
,,,,,,,,,,,,,,,,,,,,
,,,,,,,,,,,,,,,,,,,,
,,,,,,,,,,,,,,,,,,,,
,,,,,,,,,,,,,,,,,,,,
,,,,,,,,,,,,,,,,,,,,
,,,,,,,,,,,,,,,,,,,,
,,,,,,,,,,,,,,,,,,,,
,,,,,,,,,,,,,,,,,,,,
,,,,,,,,,,,,,,,,,,,,
,,,,,,,,,,,,,,,,,,,,
,,,,,,,,,,,,,,,,,,,,
,,,,,,,,,,,,,,,,,,,,
,,,,,,,,,,,,,,,,,,,,
,,,,,,,,,,,,,,,,,,,,
,,,,,,,,,,,,,,,,,,,,
,,,,,,,,,,,,,,,,,,,,
,,,,,,,,,,,,,,,,,,,,
,,,,,,,,,,,,,,,,,,,,
,,,,,,,,,,,,,,,,,,,,
,,,,,,,,,,,,,,,,,,,,
,,,,,,,,,,,,,,,,,,,,
,,,,,,,,,,,,,,,,,,,,
,,,,,,,,,,,,,,,,,,,,
,,,,,,,,,,,,,,,,,,,,
,,,,,,,,,,,,,,,,,,,,
,,,,,,,,,,,,,,,,,,,,
,,,,,,,,,,,,,,,,,,,,
,,,,,,,,,,,,,,,,,,,,
,,,,,,,,,,,,,,,,,,,,
,,,,,,,,,,,,,,,,,,,,
,,,,,,,,,,,,,,,,,,,,
,,,,,,,,,,,,,,,,,,,,
,,,,,,,,,,,,,,,,,,,,
,,,,,,,,,,,,,,,,,,,,
