time,altitude,latitude,longitude,chlor_a,,,,,,,,,,November 2013-January 2014,,,,,latitude,longitude,chlor_a
november,m,degrees_north,degrees_east,mg m^-3,,december,,,,,,january,,,,,,total,degrees_north,degrees_east,mg m^-3
2013-11-01T12:00:00Z,0,44.56875,-128.00625,0.58469903,,2013-12-01T12:00:00Z,0,44.56875,-128.00625,0.41164473,,2014-01-01T12:00:00Z,0,44.56875,-128.00625,0.39761755,,,44.56875,-128.00625,0.46465377
2013-11-01T12:00:00Z,0,44.56875,-127.96875,0.5592822,,2013-12-01T12:00:00Z,0,44.56875,-127.96875,0.41355756,,2014-01-01T12:00:00Z,0,44.56875,-127.96875,0.4664897,,,44.56875,-127.96875,0.479776487
2013-11-01T12:00:00Z,0,44.56875,-127.93125,0.4550591,,2013-12-01T12:00:00Z,0,44.56875,-127.93125,0.4484224,,2014-01-01T12:00:00Z,0,44.56875,-127.93125,0.4746779,,,44.56875,-127.93125,0.459386467
2013-11-01T12:00:00Z,0,44.56875,-127.89375,0.45012933,,2013-12-01T12:00:00Z,0,44.56875,-127.89375,0.48682,,2014-01-01T12:00:00Z,0,44.56875,-127.89375,0.46219546,,,44.56875,-127.89375,0.466381597
2013-11-01T12:00:00Z,0,44.56875,-127.85625,0.47013715,,2013-12-01T12:00:00Z,0,44.56875,-127.85625,0.47955203,,2014-01-01T12:00:00Z,0,44.56875,-127.85625,0.4677901,,,44.56875,-127.85625,0.472493093
2013-11-01T12:00:00Z,0,44.56875,-127.81875,0.44845352,,2013-12-01T12:00:00Z,0,44.56875,-127.81875,0.4471073,,2014-01-01T12:00:00Z,0,44.56875,-127.81875,0.47555274,,,44.56875,-127.81875,0.457037853
2013-11-01T12:00:00Z,0,44.56875,-127.78125,0.43958703,,2013-12-01T12:00:00Z,0,44.56875,-127.78125,0.4482046,,2014-01-01T12:00:00Z,0,44.56875,-127.78125,0.48114905,,,44.56875,-127.78125,0.45631356
2013-11-01T12:00:00Z,0,44.56875,-127.74375,0.4405457,,2013-12-01T12:00:00Z,0,44.56875,-127.74375,0.47853696,,2014-01-01T12:00:00Z,0,44.56875,-127.74375,0.47423896,,,44.56875,-127.74375,0.46444054
2013-11-01T12:00:00Z,0,44.56875,-127.70625,0.4170509,,2013-12-01T12:00:00Z,0,44.56875,-127.70625,0.3322992,,2014-01-01T12:00:00Z,0,44.56875,-127.70625,0.47853583,,,44.56875,-127.70625,0.40929531
2013-11-01T12:00:00Z,0,44.56875,-127.66875,0.4232204,,2013-12-01T12:00:00Z,0,44.56875,-127.66875,0.3065655,,2014-01-01T12:00:00Z,0,44.56875,-127.66875,0.46798947,,,44.56875,-127.66875,0.399258457
2013-11-01T12:00:00Z,0,44.56875,-127.63125,0.4135277,,2013-12-01T12:00:00Z,0,44.56875,-127.63125,0.36366317,,2014-01-01T12:00:00Z,0,44.56875,-127.63125,0.47295722,,,44.56875,-127.63125,0.41671603
2013-11-01T12:00:00Z,0,44.56875,-127.59375,0.41988027,,2013-12-01T12:00:00Z,0,44.56875,-127.59375,0.4652922,,2014-01-01T12:00:00Z,0,44.56875,-127.59375,0.44039264,,,44.56875,-127.59375,0.441855037
2013-11-01T12:00:00Z,0,44.56875,-127.55625,0.4860363,,2013-12-01T12:00:00Z,0,44.56875,-127.55625,0.3842715,,2014-01-01T12:00:00Z,0,44.56875,-127.55625,0.4339739,,,44.56875,-127.55625,0.434760567
2013-11-01T12:00:00Z,0,44.56875,-127.51875,0.5104078,,2013-12-01T12:00:00Z,0,44.56875,-127.51875,0.30163246,,2014-01-01T12:00:00Z,0,44.56875,-127.51875,0.46736875,,,44.56875,-127.51875,0.42646967
2013-11-01T12:00:00Z,0,44.56875,-127.48125,0.5098373,,2013-12-01T12:00:00Z,0,44.56875,-127.48125,0.30564797,,2014-01-01T12:00:00Z,0,44.56875,-127.48125,0.49782145,,,44.56875,-127.48125,0.437768907
2013-11-01T12:00:00Z,0,44.56875,-127.44375,0.44659236,,2013-12-01T12:00:00Z,0,44.56875,-127.44375,0.31103507,,2014-01-01T12:00:00Z,0,44.56875,-127.44375,0.4721481,,,44.56875,-127.44375,0.409925177
2013-11-01T12:00:00Z,0,44.56875,-127.40625,0.43333307,,2013-12-01T12:00:00Z,0,44.56875,-127.40625,0.32445467,,2014-01-01T12:00:00Z,0,44.56875,-127.40625,0.5193764,,,44.56875,-127.40625,0.42572138
2013-11-01T12:00:00Z,0,44.56875,-127.36875,0.43748587,,2013-12-01T12:00:00Z,0,44.56875,-127.36875,0.3476736,,2014-01-01T12:00:00Z,0,44.56875,-127.36875,0.46209818,,,44.56875,-127.36875,0.41575255
2013-11-01T12:00:00Z,0,44.56875,-127.33125,0.4433935,,2013-12-01T12:00:00Z,0,44.56875,-127.33125,0.41647902,,2014-01-01T12:00:00Z,0,44.56875,-127.33125,0.49512395,,,44.56875,-127.33125,0.45166549
2013-11-01T12:00:00Z,0,44.56875,-127.29375,0.4371779,,2013-12-01T12:00:00Z,0,44.56875,-127.29375,0.38278586,,2014-01-01T12:00:00Z,0,44.56875,-127.29375,0.43738353,,,44.56875,-127.29375,0.419115763
2013-11-01T12:00:00Z,0,44.56875,-127.25625,0.45127475,,2013-12-01T12:00:00Z,0,44.56875,-127.25625,0.26104698,,2014-01-01T12:00:00Z,0,44.56875,-127.25625,0.38483354,,,44.56875,-127.25625,0.365718423
2013-11-01T12:00:00Z,0,44.56875,-127.21875,0.44834173,,2013-12-01T12:00:00Z,0,44.56875,-127.21875,0.3562186,,2014-01-01T12:00:00Z,0,44.56875,-127.21875,0.42878073,,,44.56875,-127.21875,0.411113687
2013-11-01T12:00:00Z,0,44.56875,-127.18125,0.46996805,,2013-12-01T12:00:00Z,0,44.56875,-127.18125,0.29356068,,2014-01-01T12:00:00Z,0,44.56875,-127.18125,0.42413345,,,44.56875,-127.18125,0.395887393
2013-11-01T12:00:00Z,0,44.56875,-127.14375,0.4882246,,2013-12-01T12:00:00Z,0,44.56875,-127.14375,0.29494616,,2014-01-01T12:00:00Z,0,44.56875,-127.14375,0.44561708,,,44.56875,-127.14375,0.409595947
2013-11-01T12:00:00Z,0,44.56875,-127.10625,0.48656914,,2013-12-01T12:00:00Z,0,44.56875,-127.10625,0.33391407,,2014-01-01T12:00:00Z,0,44.56875,-127.10625,0.4760008,,,44.56875,-127.10625,0.432161337
2013-11-01T12:00:00Z,0,44.56875,-127.06875,0.4870817,,2013-12-01T12:00:00Z,0,44.56875,-127.06875,0.30679077,,2014-01-01T12:00:00Z,0,44.56875,-127.06875,0.4580865,,,44.56875,-127.06875,0.417319657
2013-11-01T12:00:00Z,0,44.56875,-127.03125,0.47460413,,2013-12-01T12:00:00Z,0,44.56875,-127.03125,0.24186349,,2014-01-01T12:00:00Z,0,44.56875,-127.03125,0.49750504,,,44.56875,-127.03125,0.404657553
2013-11-01T12:00:00Z,0,44.56875,-126.99375,0.4813887,,2013-12-01T12:00:00Z,0,44.56875,-126.99375,0.23864256,,2014-01-01T12:00:00Z,0,44.56875,-126.99375,0.51711184,,,44.56875,-126.99375,0.412381033
2013-11-01T12:00:00Z,0,44.56875,-126.95625,0.4885902,,2013-12-01T12:00:00Z,0,44.56875,-126.95625,0.3012167,,2014-01-01T12:00:00Z,0,44.56875,-126.95625,0.5097123,,,44.56875,-126.95625,0.433173067
2013-11-01T12:00:00Z,0,44.56875,-126.91875,0.51209164,,2013-12-01T12:00:00Z,0,44.56875,-126.91875,0.304743,,2014-01-01T12:00:00Z,0,44.56875,-126.91875,0.4562656,,,44.56875,-126.91875,0.424366747
2013-11-01T12:00:00Z,0,44.56875,-126.88125,0.515688,,2013-12-01T12:00:00Z,0,44.56875,-126.88125,0.3687419,,2014-01-01T12:00:00Z,0,44.56875,-126.88125,0.506919,,,44.56875,-126.88125,0.463782967
2013-11-01T12:00:00Z,0,44.56875,-126.84375,0.51077455,,2013-12-01T12:00:00Z,0,44.56875,-126.84375,0.36833286,,2014-01-01T12:00:00Z,0,44.56875,-126.84375,0.46174297,,,44.56875,-126.84375,0.446950127
2013-11-01T12:00:00Z,0,44.56875,-126.80625,0.5016647,,2013-12-01T12:00:00Z,0,44.56875,-126.80625,0.4043812,,2014-01-01T12:00:00Z,0,44.56875,-126.80625,0.4530215,,,44.56875,-126.80625,0.453022467
2013-11-01T12:00:00Z,0,44.56875,-126.76875,0.67405915,,2013-12-01T12:00:00Z,0,44.56875,-126.76875,0.4044118,,2014-01-01T12:00:00Z,0,44.56875,-126.76875,0.46972623,,,44.56875,-126.76875,0.516065727
2013-11-01T12:00:00Z,0,44.56875,-126.73125,0.70025283,,2013-12-01T12:00:00Z,0,44.56875,-126.73125,0.4512773,,2014-01-01T12:00:00Z,0,44.56875,-126.73125,0.550483,,,44.56875,-126.73125,0.56733771
2013-11-01T12:00:00Z,0,44.56875,-126.69375,0.5723725,,2013-12-01T12:00:00Z,0,44.56875,-126.69375,0.3425017,,2014-01-01T12:00:00Z,0,44.56875,-126.69375,0.46037987,,,44.56875,-126.69375,0.458418023
2013-11-01T12:00:00Z,0,44.56875,-126.65625,0.5214263,,2013-12-01T12:00:00Z,0,44.56875,-126.65625,0.43765908,,2014-01-01T12:00:00Z,0,44.56875,-126.65625,0.5167508,,,44.56875,-126.65625,0.491945393
2013-11-01T12:00:00Z,0,44.56875,-126.61875,0.52568847,,2013-12-01T12:00:00Z,0,44.56875,-126.61875,0.47148445,,2014-01-01T12:00:00Z,0,44.56875,-126.61875,0.52693164,,,44.56875,-126.61875,0.508034853
2013-11-01T12:00:00Z,0,44.56875,-126.58125,0.5398606,,2013-12-01T12:00:00Z,0,44.56875,-126.58125,0.49873438,,2014-01-01T12:00:00Z,0,44.56875,-126.58125,0.53102994,,,44.56875,-126.58125,0.523208307
2013-11-01T12:00:00Z,0,44.56875,-126.54375,0.611985,,2013-12-01T12:00:00Z,0,44.56875,-126.54375,0.459742,,2014-01-01T12:00:00Z,0,44.56875,-126.54375,0.51596624,,,44.56875,-126.54375,0.52923108
2013-11-01T12:00:00Z,0,44.56875,-126.50625,0.61596984,,2013-12-01T12:00:00Z,0,44.56875,-126.50625,0.53110385,,2014-01-01T12:00:00Z,0,44.56875,-126.50625,0.48917663,,,44.56875,-126.50625,0.545416773
2013-11-01T12:00:00Z,0,44.56875,-126.46875,0.6156995,,2013-12-01T12:00:00Z,0,44.56875,-126.46875,0.5054271,,2014-01-01T12:00:00Z,0,44.56875,-126.46875,0.4981096,,,44.56875,-126.46875,0.5397454
2013-11-01T12:00:00Z,0,44.56875,-126.43125,0.55773944,,2013-12-01T12:00:00Z,0,44.56875,-126.43125,0.45079136,,2014-01-01T12:00:00Z,0,44.56875,-126.43125,0.4929939,,,44.56875,-126.43125,0.500508233
2013-11-01T12:00:00Z,0,44.56875,-126.39375,0.6150873,,2013-12-01T12:00:00Z,0,44.56875,-126.39375,1.0518066,,2014-01-01T12:00:00Z,0,44.56875,-126.39375,0.5411941,,,44.56875,-126.39375,0.736029333
2013-11-01T12:00:00Z,0,44.56875,-126.35625,0.6166934,,2013-12-01T12:00:00Z,0,44.56875,-126.35625,0.40462393,,2014-01-01T12:00:00Z,0,44.56875,-126.35625,0.5373602,,,44.56875,-126.35625,0.519559177
2013-11-01T12:00:00Z,0,44.56875,-126.31875,0.6140582,,2013-12-01T12:00:00Z,0,44.56875,-126.31875,0.39704478,,2014-01-01T12:00:00Z,0,44.56875,-126.31875,0.56462395,,,44.56875,-126.31875,0.52524231
2013-11-01T12:00:00Z,0,44.56875,-126.28125,0.5878687,,2013-12-01T12:00:00Z,0,44.56875,-126.28125,0.65490115,,2014-01-01T12:00:00Z,0,44.56875,-126.28125,0.59936666,,,44.56875,-126.28125,0.614045503
2013-11-01T12:00:00Z,0,44.56875,-126.24375,0.5798614,,2013-12-01T12:00:00Z,0,44.56875,-126.24375,0.4541974,,2014-01-01T12:00:00Z,0,44.56875,-126.24375,0.53222054,,,44.56875,-126.24375,0.522093113
2013-11-01T12:00:00Z,0,44.56875,-126.20625,0.5742909,,2013-12-01T12:00:00Z,0,44.56875,-126.20625,0.6178518,,2014-01-01T12:00:00Z,0,44.56875,-126.20625,0.60640657,,,44.56875,-126.20625,0.599516423
2013-11-01T12:00:00Z,0,44.56875,-126.16875,0.58038723,,2013-12-01T12:00:00Z,0,44.56875,-126.16875,0.58291143,,2014-01-01T12:00:00Z,0,44.56875,-126.16875,0.48320708,,,44.56875,-126.16875,0.548835247
2013-11-01T12:00:00Z,0,44.56875,-126.13125,0.57322484,,2013-12-01T12:00:00Z,0,44.56875,-126.13125,0.46137562,,2014-01-01T12:00:00Z,0,44.56875,-126.13125,0.45877934,,,44.56875,-126.13125,0.497793267
2013-11-01T12:00:00Z,0,44.56875,-126.09375,0.5874355,,2013-12-01T12:00:00Z,0,44.56875,-126.09375,0.44669157,,2014-01-01T12:00:00Z,0,44.56875,-126.09375,0.45638338,,,44.56875,-126.09375,0.496836817
2013-11-01T12:00:00Z,0,44.56875,-126.05625,0.61846405,,2013-12-01T12:00:00Z,0,44.56875,-126.05625,0.44832468,,2014-01-01T12:00:00Z,0,44.56875,-126.05625,0.41419837,,,44.56875,-126.05625,0.493662367
2013-11-01T12:00:00Z,0,44.56875,-126.01875,0.5905347,,2013-12-01T12:00:00Z,0,44.56875,-126.01875,0.4497707,,2014-01-01T12:00:00Z,0,44.56875,-126.01875,0.4209513,,,44.56875,-126.01875,0.487085567
2013-11-01T12:00:00Z,0,44.56875,-125.98125,0.59319586,,2013-12-01T12:00:00Z,0,44.56875,-125.98125,0.40788195,,2014-01-01T12:00:00Z,0,44.56875,-125.98125,0.433848,,,44.56875,-125.98125,0.478308603
2013-11-01T12:00:00Z,0,44.56875,-125.94375,0.6089318,,2013-12-01T12:00:00Z,0,44.56875,-125.94375,0.42583227,,2014-01-01T12:00:00Z,0,44.56875,-125.94375,0.38360995,,,44.56875,-125.94375,0.47279134
2013-11-01T12:00:00Z,0,44.56875,-125.90625,0.57142687,,2013-12-01T12:00:00Z,0,44.56875,-125.90625,0.3907556,,2014-01-01T12:00:00Z,0,44.56875,-125.90625,0.41979232,,,44.56875,-125.90625,0.460658263
2013-11-01T12:00:00Z,0,44.56875,-125.86875,0.58742553,,2013-12-01T12:00:00Z,0,44.56875,-125.86875,0.44838002,,2014-01-01T12:00:00Z,0,44.56875,-125.86875,0.4224077,,,44.56875,-125.86875,0.486071083
2013-11-01T12:00:00Z,0,44.56875,-125.83125,0.58739674,,2013-12-01T12:00:00Z,0,44.56875,-125.83125,0.5124362,,2014-01-01T12:00:00Z,0,44.56875,-125.83125,0.4147951,,,44.56875,-125.83125,0.504876013
2013-11-01T12:00:00Z,0,44.56875,-125.79375,0.61257774,,2013-12-01T12:00:00Z,0,44.56875,-125.79375,0.45612186,,2014-01-01T12:00:00Z,0,44.56875,-125.79375,0.4162396,,,44.56875,-125.79375,0.494979733
2013-11-01T12:00:00Z,0,44.56875,-125.75625,0.61539274,,2013-12-01T12:00:00Z,0,44.56875,-125.75625,0.44235915,,2014-01-01T12:00:00Z,0,44.56875,-125.75625,0.43489164,,,44.56875,-125.75625,0.497547843
2013-11-01T12:00:00Z,0,44.56875,-125.71875,0.60455024,,2013-12-01T12:00:00Z,0,44.56875,-125.71875,0.5071366,,2014-01-01T12:00:00Z,0,44.56875,-125.71875,0.4585986,,,44.56875,-125.71875,0.52342848
2013-11-01T12:00:00Z,0,44.56875,-125.68125,0.62853134,,2013-12-01T12:00:00Z,0,44.56875,-125.68125,0.46329036,,2014-01-01T12:00:00Z,0,44.56875,-125.68125,0.43333748,,,44.56875,-125.68125,0.508386393
2013-11-01T12:00:00Z,0,44.56875,-125.64375,0.6254322,,2013-12-01T12:00:00Z,0,44.56875,-125.64375,0.4292459,,2014-01-01T12:00:00Z,0,44.56875,-125.64375,0.43005458,,,44.56875,-125.64375,0.494910893
2013-11-01T12:00:00Z,0,44.56875,-125.60625,0.6155963,,2013-12-01T12:00:00Z,0,44.56875,-125.60625,0.4330823,,2014-01-01T12:00:00Z,0,44.56875,-125.60625,0.45559,,,44.56875,-125.60625,0.501422867
2013-11-01T12:00:00Z,0,44.56875,-125.56875,0.6897988,,2013-12-01T12:00:00Z,0,44.56875,-125.56875,0.41219077,,2014-01-01T12:00:00Z,0,44.56875,-125.56875,0.51307654,,,44.56875,-125.56875,0.53835537
2013-11-01T12:00:00Z,0,44.56875,-125.53125,0.7059672,,2013-12-01T12:00:00Z,0,44.56875,-125.53125,0.4164099,,2014-01-01T12:00:00Z,0,44.56875,-125.53125,0.51909584,,,44.56875,-125.53125,0.547157647
2013-11-01T12:00:00Z,0,44.56875,-125.49375,0.6340108,,2013-12-01T12:00:00Z,0,44.56875,-125.49375,0.39139488,,2014-01-01T12:00:00Z,0,44.56875,-125.49375,0.4503221,,,44.56875,-125.49375,0.49190926
2013-11-01T12:00:00Z,0,44.56875,-125.45625,0.75620866,,2013-12-01T12:00:00Z,0,44.56875,-125.45625,0.5239214,,2014-01-01T12:00:00Z,0,44.56875,-125.45625,0.48546925,,,44.56875,-125.45625,0.588533103
2013-11-01T12:00:00Z,0,44.56875,-125.41875,0.63868964,,2013-12-01T12:00:00Z,0,44.56875,-125.41875,0.7484681,,2014-01-01T12:00:00Z,0,44.56875,-125.41875,0.4716378,,,44.56875,-125.41875,0.619598513
2013-11-01T12:00:00Z,0,44.56875,-125.38125,0.62280536,,2013-12-01T12:00:00Z,0,44.56875,-125.38125,0.6164309,,2014-01-01T12:00:00Z,0,44.56875,-125.38125,0.5151468,,,44.56875,-125.38125,0.584794353
2013-11-01T12:00:00Z,0,44.56875,-125.34375,0.6108176,,2013-12-01T12:00:00Z,0,44.56875,-125.34375,0.6355243,,2014-01-01T12:00:00Z,0,44.56875,-125.34375,0.5437446,,,44.56875,-125.34375,0.5966955
2013-11-01T12:00:00Z,0,44.56875,-125.30625,0.62714726,,2013-12-01T12:00:00Z,0,44.56875,-125.30625,0.615992,,2014-01-01T12:00:00Z,0,44.56875,-125.30625,0.6143267,,,44.56875,-125.30625,0.61915532
2013-11-01T12:00:00Z,0,44.56875,-125.26875,0.6068905,,2013-12-01T12:00:00Z,0,44.56875,-125.26875,0.49792156,,2014-01-01T12:00:00Z,0,44.56875,-125.26875,0.6378413,,,44.56875,-125.26875,0.580884453
2013-11-01T12:00:00Z,0,44.56875,-125.23125,0.6017996,,2013-12-01T12:00:00Z,0,44.56875,-125.23125,0.5953345,,2014-01-01T12:00:00Z,0,44.56875,-125.23125,0.6912005,,,44.56875,-125.23125,0.629444867
2013-11-01T12:00:00Z,0,44.56875,-125.19375,0.6059958,,2013-12-01T12:00:00Z,0,44.56875,-125.19375,0.62537646,,2014-01-01T12:00:00Z,0,44.56875,-125.19375,0.68068546,,,44.56875,-125.19375,0.637352573
2013-11-01T12:00:00Z,0,44.56875,-125.15625,0.5428172,,2013-12-01T12:00:00Z,0,44.56875,-125.15625,0.6320034,,2014-01-01T12:00:00Z,0,44.56875,-125.15625,0.7074745,,,44.56875,-125.15625,0.6274317
2013-11-01T12:00:00Z,0,44.56875,-125.11875,0.54687923,,2013-12-01T12:00:00Z,0,44.56875,-125.11875,0.6536254,,2014-01-01T12:00:00Z,0,44.56875,-125.11875,0.6849958,,,44.56875,-125.11875,0.628500143
2013-11-01T12:00:00Z,0,44.56875,-125.08125,0.5358604,,2013-12-01T12:00:00Z,0,44.56875,-125.08125,0.5033368,,2014-01-01T12:00:00Z,0,44.56875,-125.08125,0.6740995,,,44.56875,-125.08125,0.5710989
2013-11-01T12:00:00Z,0,44.56875,-125.04375,0.54275465,,2013-12-01T12:00:00Z,0,44.56875,-125.04375,0.5215156,,2014-01-01T12:00:00Z,0,44.56875,-125.04375,0.6700526,,,44.56875,-125.04375,0.578107617
2013-11-01T12:00:00Z,0,44.56875,-125.00625,0.5450315,,2013-12-01T12:00:00Z,0,44.56875,-125.00625,0.5240337,,2014-01-01T12:00:00Z,0,44.56875,-125.00625,0.5661227,,,44.56875,-125.00625,0.545062633
2013-11-01T12:00:00Z,0,44.56875,-124.96875,0.57316524,,2013-12-01T12:00:00Z,0,44.56875,-124.96875,0.54442143,,2014-01-01T12:00:00Z,0,44.56875,-124.96875,0.5656973,,,44.56875,-124.96875,0.561094657
2013-11-01T12:00:00Z,0,44.56875,-124.93125,0.5448122,,2013-12-01T12:00:00Z,0,44.56875,-124.93125,0.58063436,,2014-01-01T12:00:00Z,0,44.56875,-124.93125,0.5562832,,,44.56875,-124.93125,0.560576587
2013-11-01T12:00:00Z,0,44.56875,-124.89375,0.5389842,,2013-12-01T12:00:00Z,0,44.56875,-124.89375,0.5605368,,2014-01-01T12:00:00Z,0,44.56875,-124.89375,0.6732232,,,44.56875,-124.89375,0.590914733
2013-11-01T12:00:00Z,0,44.56875,-124.85625,0.6323629,,2013-12-01T12:00:00Z,0,44.56875,-124.85625,0.55900043,,2014-01-01T12:00:00Z,0,44.56875,-124.85625,0.61160356,,,44.56875,-124.85625,0.600988963
2013-11-01T12:00:00Z,0,44.56875,-124.81875,0.644937,,2013-12-01T12:00:00Z,0,44.56875,-124.81875,0.5870426,,2014-01-01T12:00:00Z,0,44.56875,-124.81875,0.6738601,,,44.56875,-124.81875,0.6352799
2013-11-01T12:00:00Z,0,44.56875,-124.78125,0.69914544,,2013-12-01T12:00:00Z,0,44.56875,-124.78125,0.5809499,,2014-01-01T12:00:00Z,0,44.56875,-124.78125,0.6745717,,,44.56875,-124.78125,0.65155568
2013-11-01T12:00:00Z,0,44.56875,-124.74375,0.6780404,,2013-12-01T12:00:00Z,0,44.56875,-124.74375,0.6000572,,2014-01-01T12:00:00Z,0,44.56875,-124.74375,0.6572051,,,44.56875,-124.74375,0.6451009
2013-11-01T12:00:00Z,0,44.56875,-124.70625,0.650768,,2013-12-01T12:00:00Z,0,44.56875,-124.70625,0.58306426,,2014-01-01T12:00:00Z,0,44.56875,-124.70625,0.6260349,,,44.56875,-124.70625,0.61995572
2013-11-01T12:00:00Z,0,44.56875,-124.66875,0.62565374,,2013-12-01T12:00:00Z,0,44.56875,-124.66875,0.5420504,,2014-01-01T12:00:00Z,0,44.56875,-124.66875,0.6940746,,,44.56875,-124.66875,0.620592913
2013-11-01T12:00:00Z,0,44.56875,-124.63125,0.63184595,,2013-12-01T12:00:00Z,0,44.56875,-124.63125,0.5529038,,2014-01-01T12:00:00Z,0,44.56875,-124.63125,0.7061393,,,44.56875,-124.63125,0.63029635
2013-11-01T12:00:00Z,0,44.56875,-124.59375,0.6383515,,2013-12-01T12:00:00Z,0,44.56875,-124.59375,0.55594844,,2014-01-01T12:00:00Z,0,44.56875,-124.59375,0.74631417,,,44.56875,-124.59375,0.64687137
2013-11-01T12:00:00Z,0,44.56875,-124.55625,0.68088734,,2013-12-01T12:00:00Z,0,44.56875,-124.55625,0.6144357,,2014-01-01T12:00:00Z,0,44.56875,-124.55625,0.8054002,,,44.56875,-124.55625,0.70024108
2013-11-01T12:00:00Z,0,44.56875,-124.51875,0.6321253,,2013-12-01T12:00:00Z,0,44.56875,-124.51875,0.65445083,,2014-01-01T12:00:00Z,0,44.56875,-124.51875,0.8503177,,,44.56875,-124.51875,0.712297943
2013-11-01T12:00:00Z,0,44.56875,-124.48125,0.6295541,,2013-12-01T12:00:00Z,0,44.56875,-124.48125,0.70742977,,2014-01-01T12:00:00Z,0,44.56875,-124.48125,0.8423356,,,44.56875,-124.48125,0.726439823
2013-11-01T12:00:00Z,0,44.56875,-124.44375,0.6876928,,2013-12-01T12:00:00Z,0,44.56875,-124.44375,0.7990873,,2014-01-01T12:00:00Z,0,44.56875,-124.44375,0.9417903,,,44.56875,-124.44375,0.809523467
2013-11-01T12:00:00Z,0,44.56875,-124.40625,0.7142339,,2013-12-01T12:00:00Z,0,44.56875,-124.40625,0.9779662,,2014-01-01T12:00:00Z,0,44.56875,-124.40625,0.9743607,,,44.56875,-124.40625,0.8888536
2013-11-01T12:00:00Z,0,44.56875,-124.36875,0.5802567,,2013-12-01T12:00:00Z,0,44.56875,-124.36875,1.2207462,,2014-01-01T12:00:00Z,0,44.56875,-124.36875,1.002509,,,44.56875,-124.36875,0.934503967
2013-11-01T12:00:00Z,0,44.56875,-124.33125,0.6045132,,2013-12-01T12:00:00Z,0,44.56875,-124.33125,0.99259716,,2014-01-01T12:00:00Z,0,44.56875,-124.33125,1.0346148,,,44.56875,-124.33125,0.87724172
2013-11-01T12:00:00Z,0,44.56875,-124.29375,0.674357,,2013-12-01T12:00:00Z,0,44.56875,-124.29375,1.1605016,,2014-01-01T12:00:00Z,0,44.56875,-124.29375,0.98175293,,,44.56875,-124.29375,0.93887051
2013-11-01T12:00:00Z,0,44.56875,-124.25625,0.8692366,,2013-12-01T12:00:00Z,0,44.56875,-124.25625,1.1163116,,2014-01-01T12:00:00Z,0,44.56875,-124.25625,0.95325327,,,44.56875,-124.25625,0.97960049
2013-11-01T12:00:00Z,0,44.56875,-124.21875,0.7403726,,2013-12-01T12:00:00Z,0,44.56875,-124.21875,1.2209706,,2014-01-01T12:00:00Z,0,44.56875,-124.21875,1.126461,,,44.56875,-124.21875,1.029268067
2013-11-01T12:00:00Z,0,44.56875,-124.18125,1.1873664,,2013-12-01T12:00:00Z,0,44.56875,-124.18125,1.3449275,,2014-01-01T12:00:00Z,0,44.56875,-124.18125,1.1543103,,,44.56875,-124.18125,1.228868067
2013-11-01T12:00:00Z,0,44.56875,-124.14375,1.3226026,,2013-12-01T12:00:00Z,0,44.56875,-124.14375,1.563133,,2014-01-01T12:00:00Z,0,44.56875,-124.14375,1.1954681,,,44.56875,-124.14375,1.360401233
2013-11-01T12:00:00Z,0,44.56875,-124.10625,1.2433096,,2013-12-01T12:00:00Z,0,44.56875,-124.10625,2.1188028,,2014-01-01T12:00:00Z,0,44.56875,-124.10625,2.0522885,,,44.56875,-124.10625,1.8048003
2013-11-01T12:00:00Z,0,44.56875,-124.06875,1.9694834,,2013-12-01T12:00:00Z,0,44.56875,-124.06875,4.03184,,2014-01-01T12:00:00Z,0,44.56875,-124.06875,2.9859602,,,44.56875,-124.06875,2.9957612
,,,,,,,,,,,,,,,,,,,,,
,,,,,,,,,,,,,,,,,,,,,
,,,,,,,,,,,,,,,,,,,,,
,,,,,,,,,,,,,,,,,,,,,
,,,,,,,,,,,,,,,,,,,,,
,,,,,,,,,,,,,,,,,,,,,
,,,,,,,,,,,,,,,,,,,,,
,,,,,,,,,,,,,,,,,,,,,
,,,,,,,,,,,,,,,,,,,,,
,,,,,,,,,,,,,,,,,,,,,
,,,,,,,,,,,,,,,,,,,,,
,,,,,,,,,,,,,,,,,,,,,
,,,,,,,,,,,,,,,,,,,,,
,,,,,,,,,,,,,,,,,,,,,
,,,,,,,,,,,,,,,,,,,,,
,,,,,,,,,,,,,,,,,,,,,
,,,,,,,,,,,,,,,,,,,,,
,,,,,,,,,,,,,,,,,,,,,
,,,,,,,,,,,,,,,,,,,,,
,,,,,,,,,,,,,,,,,,,,,
,,,,,,,,,,,,,,,,,,,,,
,,,,,,,,,,,,,,,,,,,,,
,,,,,,,,,,,,,,,,,,,,,
,,,,,,,,,,,,,,,,,,,,,
,,,,,,,,,,,,,,,,,,,,,
,,,,,,,,,,,,,,,,,,,,,
,,,,,,,,,,,,,,,,,,,,,
,,,,,,,,,,,,,,,,,,,,,
,,,,,,,,,,,,,,,,,,,,,
,,,,,,,,,,,,,,,,,,,,,
,,,,,,,,,,,,,,,,,,,,,
,,,,,,,,,,,,,,,,,,,,,
,,,,,,,,,,,,,,,,,,,,,
,,,,,,,,,,,,,,,,,,,,,
,,,,,,,,,,,,,,,,,,,,,
,,,,,,,,,,,,,,,,,,,,,
,,,,,,,,,,,,,,,,,,,,,
,,,,,,,,,,,,,,,,,,,,,
,,,,,,,,,,,,,,,,,,,,,
,,,,,,,,,,,,,,,,,,,,,
,,,,,,,,,,,,,,,,,,,,,
,,,,,,,,,,,,,,,,,,,,,
,,,,,,,,,,,,,,,,,,,,,
,,,,,,,,,,,,,,,,,,,,,
,,,,,,,,,,,,,,,,,,,,,
,,,,,,,,,,,,,,,,,,,,,
,,,,,,,,,,,,,,,,,,,,,
,,,,,,,,,,,,,,,,,,,,,
,,,,,,,,,,,,,,,,,,,,,
,,,,,,,,,,,,,,,,,,,,,
,,,,,,,,,,,,,,,,,,,,,
,,,,,,,,,,,,,,,,,,,,,
,,,,,,,,,,,,,,,,,,,,,
,,,,,,,,,,,,,,,,,,,,,
,,,,,,,,,,,,,,,,,,,,,
,,,,,,,,,,,,,,,,,,,,,
,,,,,,,,,,,,,,,,,,,,,
,,,,,,,,,,,,,,,,,,,,,
,,,,,,,,,,,,,,,,,,,,,
,,,,,,,,,,,,,,,,,,,,,
,,,,,,,,,,,,,,,,,,,,,
,,,,,,,,,,,,,,,,,,,,,
,,,,,,,,,,,,,,,,,,,,,
,,,,,,,,,,,,,,,,,,,,,
,,,,,,,,,,,,,,,,,,,,,
,,,,,,,,,,,,,,,,,,,,,
,,,,,,,,,,,,,,,,,,,,,
,,,,,,,,,,,,,,,,,,,,,
,,,,,,,,,,,,,,,,,,,,,
,,,,,,,,,,,,,,,,,,,,,
,,,,,,,,,,,,,,,,,,,,,
,,,,,,,,,,,,,,,,,,,,,
,,,,,,,,,,,,,,,,,,,,,
,,,,,,,,,,,,,,,,,,,,,
,,,,,,,,,,,,,,,,,,,,,
,,,,,,,,,,,,,,,,,,,,,
,,,,,,,,,,,,,,,,,,,,,
,,,,,,,,,,,,,,,,,,,,,
,,,,,,,,,,,,,,,,,,,,,
,,,,,,,,,,,,,,,,,,,,,
,,,,,,,,,,,,,,,,,,,,,
,,,,,,,,,,,,,,,,,,,,,
,,,,,,,,,,,,,,,,,,,,,
,,,,,,,,,,,,,,,,,,,,,
,,,,,,,,,,,,,,,,,,,,,
,,,,,,,,,,,,,,,,,,,,,
,,,,,,,,,,,,,,,,,,,,,
,,,,,,,,,,,,,,,,,,,,,
,,,,,,,,,,,,,,,,,,,,,
,,,,,,,,,,,,,,,,,,,,,
,,,,,,,,,,,,,,,,,,,,,
,,,,,,,,,,,,,,,,,,,,,
,,,,,,,,,,,,,,,,,,,,,
,,,,,,,,,,,,,,,,,,,,,
,,,,,,,,,,,,,,,,,,,,,
,,,,,,,,,,,,,,,,,,,,,
,,,,,,,,,,,,,,,,,,,,,
,,,,,,,,,,,,,,,,,,,,,
,,,,,,,,,,,,,,,,,,,,,
,,,,,,,,,,,,,,,,,,,,,
,,,,,,,,,,,,,,,,,,,,,
,,,,,,,,,,,,,,,,,,,,,
,,,,,,,,,,,,,,,,,,,,,
,,,,,,,,,,,,,,,,,,,,,
,,,,,,,,,,,,,,,,,,,,,
,,,,,,,,,,,,,,,,,,,,,
,,,,,,,,,,,,,,,,,,,,,
,,,,,,,,,,,,,,,,,,,,,
,,,,,,,,,,,,,,,,,,,,,
,,,,,,,,,,,,,,,,,,,,,
,,,,,,,,,,,,,,,,,,,,,
,,,,,,,,,,,,,,,,,,,,,
,,,,,,,,,,,,,,,,,,,,,
,,,,,,,,,,,,,,,,,,,,,
,,,,,,,,,,,,,,,,,,,,,
,,,,,,,,,,,,,,,,,,,,,
,,,,,,,,,,,,,,,,,,,,,
,,,,,,,,,,,,,,,,,,,,,
,,,,,,,,,,,,,,,,,,,,,
,,,,,,,,,,,,,,,,,,,,,
,,,,,,,,,,,,,,,,,,,,,
,,,,,,,,,,,,,,,,,,,,,
,,,,,,,,,,,,,,,,,,,,,
,,,,,,,,,,,,,,,,,,,,,
,,,,,,,,,,,,,,,,,,,,,
,,,,,,,,,,,,,,,,,,,,,
,,,,,,,,,,,,,,,,,,,,,
,,,,,,,,,,,,,,,,,,,,,
,,,,,,,,,,,,,,,,,,,,,
,,,,,,,,,,,,,,,,,,,,,
,,,,,,,,,,,,,,,,,,,,,
,,,,,,,,,,,,,,,,,,,,,
,,,,,,,,,,,,,,,,,,,,,
,,,,,,,,,,,,,,,,,,,,,
,,,,,,,,,,,,,,,,,,,,,
,,,,,,,,,,,,,,,,,,,,,
,,,,,,,,,,,,,,,,,,,,,
,,,,,,,,,,,,,,,,,,,,,
,,,,,,,,,,,,,,,,,,,,,
,,,,,,,,,,,,,,,,,,,,,
,,,,,,,,,,,,,,,,,,,,,
,,,,,,,,,,,,,,,,,,,,,
,,,,,,,,,,,,,,,,,,,,,
,,,,,,,,,,,,,,,,,,,,,
,,,,,,,,,,,,,,,,,,,,,
,,,,,,,,,,,,,,,,,,,,,
,,,,,,,,,,,,,,,,,,,,,
,,,,,,,,,,,,,,,,,,,,,
,,,,,,,,,,,,,,,,,,,,,
,,,,,,,,,,,,,,,,,,,,,
